협력사,점검일,설비,점검항목,판정,측정값,원본사진
예시협력사-가,2026-09-22,1호기,압력,○,18.0,가_1호기_20260922.jpg
예시협력사-가,2026-09-22,1호기,온도,○,45,가_1호기_20260922.jpg
예시협력사-가,2026-09-22,1호기,청소 상태,○,,가_1호기_20260922.jpg
예시협력사-가,2026-09-22,2호기,압력,○,16.5,가_2호기_20260922.jpg
예시협력사-가,2026-09-22,2호기,온도,○,47,가_2호기_20260922.jpg
예시협력사-가,2026-09-22,2호기,청소 상태,○,,가_2호기_20260922.jpg
예시협력사-나,2026-09-22,P-01,압력,○,17.0,나_P-01_20260922.jpg
예시협력사-나,2026-09-22,P-01,온도,○,49,나_P-01_20260922.jpg
예시협력사-나,2026-09-22,P-01,청소 상태,○,,나_P-01_20260922.jpg
예시협력사-나,2026-09-22,P-02,압력,○,17.5,나_P-02_20260922.jpg
예시협력사-나,2026-09-22,P-02,온도,○,51,나_P-02_20260922.jpg
예시협력사-나,2026-09-22,P-02,청소 상태,○,,나_P-02_20260922.jpg
예시협력사-나,2026-09-22,P-03,압력,○,18.0,나_P-03_20260922.jpg
예시협력사-나,2026-09-22,P-03,온도,○,53,나_P-03_20260922.jpg
예시협력사-나,2026-09-22,P-03,청소 상태,○,,나_P-03_20260922.jpg
예시협력사-다,2026-09-22,용접기-1,압력,○,18.5,다_용접기-1_20260922.jpg
예시협력사-다,2026-09-22,용접기-1,온도,○,46,다_용접기-1_20260922.jpg
예시협력사-다,2026-09-22,용접기-1,청소 상태,○,,다_용접기-1_20260922.jpg
예시협력사-가,2026-09-23,1호기,압력,○,18.0,가_1호기_20260923.jpg
예시협력사-가,2026-09-23,1호기,온도,○,46,가_1호기_20260923.jpg
예시협력사-가,2026-09-23,1호기,청소 상태,○,,가_1호기_20260923.jpg
예시협력사-가,2026-09-23,2호기,압력,○,16.8,가_2호기_20260923.jpg
예시협력사-가,2026-09-23,2호기,온도,○,48,가_2호기_20260923.jpg
예시협력사-가,2026-09-23,2호기,청소 상태,○,,가_2호기_20260923.jpg
예시협력사-나,2026-09-23,P-01,압력,○,17.3,나_P-01_20260923.jpg
예시협력사-나,2026-09-23,P-01,온도,○,50,나_P-01_20260923.jpg
예시협력사-나,2026-09-23,P-01,청소 상태,○,,나_P-01_20260923.jpg
예시협력사-나,2026-09-23,P-02,압력,○,17.8,나_P-02_20260923.jpg
예시협력사-나,2026-09-23,P-02,온도,○,52,나_P-02_20260923.jpg
예시협력사-나,2026-09-23,P-02,청소 상태,○,,나_P-02_20260923.jpg
예시협력사-나,2026-09-23,P-03,압력,○,18.3,나_P-03_20260923.jpg
예시협력사-나,2026-09-23,P-03,온도,○,45,나_P-03_20260923.jpg
예시협력사-나,2026-09-23,P-03,청소 상태,○,,나_P-03_20260923.jpg
예시협력사-다,2026-09-23,용접기-1,압력,○,18.8,다_용접기-1_20260923.jpg
예시협력사-다,2026-09-23,용접기-1,온도,○,47,다_용접기-1_20260923.jpg
예시협력사-다,2026-09-23,용접기-1,청소 상태,○,,다_용접기-1_20260923.jpg
예시협력사-가,2026-09-24,1호기,압력,○,18.0,가_1호기_20260924.jpg
예시협력사-가,2026-09-24,1호기,온도,○,47,가_1호기_20260924.jpg
예시협력사-가,2026-09-24,1호기,청소 상태,○,,가_1호기_20260924.jpg
예시협력사-가,2026-09-24,2호기,압력,○,17.1,가_2호기_20260924.jpg
예시협력사-가,2026-09-24,2호기,온도,○,49,가_2호기_20260924.jpg
예시협력사-가,2026-09-24,2호기,청소 상태,○,,가_2호기_20260924.jpg
예시협력사-나,2026-09-24,P-01,압력,○,17.6,나_P-01_20260924.jpg
예시협력사-나,2026-09-24,P-01,온도,○,51,나_P-01_20260924.jpg
예시협력사-나,2026-09-24,P-01,청소 상태,○,,나_P-01_20260924.jpg
예시협력사-나,2026-09-24,P-02,압력,○,18.1,나_P-02_20260924.jpg
예시협력사-나,2026-09-24,P-02,온도,○,53,나_P-02_20260924.jpg
예시협력사-나,2026-09-24,P-02,청소 상태,○,,나_P-02_20260924.jpg
예시협력사-나,2026-09-24,P-03,압력,○,18.6,나_P-03_20260924.jpg
예시협력사-나,2026-09-24,P-03,온도,○,46,나_P-03_20260924.jpg
예시협력사-나,2026-09-24,P-03,청소 상태,○,,나_P-03_20260924.jpg
예시협력사-다,2026-09-24,용접기-1,압력,○,16.1,다_용접기-1_20260924.jpg
예시협력사-다,2026-09-24,용접기-1,온도,○,48,다_용접기-1_20260924.jpg
예시협력사-다,2026-09-24,용접기-1,청소 상태,×,,다_용접기-1_20260924.jpg
예시협력사-가,2026-09-25,1호기,압력,○,18.0,가_1호기_20260925.jpg
예시협력사-가,2026-09-25,1호기,온도,○,48,가_1호기_20260925.jpg
예시협력사-가,2026-09-25,1호기,청소 상태,○,,가_1호기_20260925.jpg
예시협력사-가,2026-09-25,2호기,압력,○,17.4,가_2호기_20260925.jpg
예시협력사-가,2026-09-25,2호기,온도,○,50,가_2호기_20260925.jpg
예시협력사-가,2026-09-25,2호기,청소 상태,○,,가_2호기_20260925.jpg
예시협력사-나,2026-09-25,P-01,압력,○,17.9,나_P-01_20260925.jpg
예시협력사-나,2026-09-25,P-01,온도,○,52,나_P-01_20260925.jpg
예시협력사-나,2026-09-25,P-01,청소 상태,○,,나_P-01_20260925.jpg
예시협력사-나,2026-09-25,P-02,압력,○,18.4,나_P-02_20260925.jpg
예시협력사-나,2026-09-25,P-02,온도,○,45,나_P-02_20260925.jpg
예시협력사-나,2026-09-25,P-02,청소 상태,○,,나_P-02_20260925.jpg
예시협력사-나,2026-09-25,P-03,압력,○,18.9,나_P-03_20260925.jpg
예시협력사-나,2026-09-25,P-03,온도,○,47,나_P-03_20260925.jpg
예시협력사-나,2026-09-25,P-03,청소 상태,○,,나_P-03_20260925.jpg
예시협력사-가,2026-09-26,1호기,압력,○,18.0,가_1호기_20260926.jpg
예시협력사-가,2026-09-26,1호기,온도,○,49,가_1호기_20260926.jpg
예시협력사-가,2026-09-26,1호기,청소 상태,○,,가_1호기_20260926.jpg
예시협력사-가,2026-09-26,2호기,압력,○,17.7,가_2호기_20260926.jpg
예시협력사-가,2026-09-26,2호기,온도,○,,가_2호기_20260926.jpg
예시협력사-가,2026-09-26,2호기,청소 상태,○,,가_2호기_20260926.jpg
예시협력사-나,2026-09-26,P-01,압력,○,18.2,나_P-01_20260926.jpg
예시협력사-나,2026-09-26,P-01,온도,○,53,나_P-01_20260926.jpg
예시협력사-나,2026-09-26,P-01,청소 상태,○,,나_P-01_20260926.jpg
예시협력사-나,2026-09-26,P-02,압력,○,18.7,나_P-02_20260926.jpg
예시협력사-나,2026-09-26,P-02,온도,○,46,나_P-02_20260926.jpg
예시협력사-나,2026-09-26,P-02,청소 상태,○,,나_P-02_20260926.jpg
예시협력사-나,2026-09-26,P-03,압력,○,16.2,나_P-03_20260926.jpg
예시협력사-나,2026-09-26,P-03,온도,○,48,나_P-03_20260926.jpg
예시협력사-나,2026-09-26,P-03,청소 상태,○,,나_P-03_20260926.jpg
예시협력사-다,2026-09-26,용접기-1,압력,○,16.7,다_용접기-1_20260926.jpg
예시협력사-다,2026-09-26,용접기-1,온도,○,50,다_용접기-1_20260926.jpg
예시협력사-다,2026-09-26,용접기-1,청소 상태,○,,다_용접기-1_20260926.jpg
예시협력사-가,2026-09-27,1호기,압력,○,18.0,가_1호기_20260927.jpg
예시협력사-가,2026-09-27,1호기,온도,○,50,가_1호기_20260927.jpg
예시협력사-가,2026-09-27,1호기,청소 상태,○,,가_1호기_20260927.jpg
예시협력사-가,2026-09-27,2호기,압력,○,18.0,가_2호기_20260927.jpg
예시협력사-가,2026-09-27,2호기,온도,○,52,가_2호기_20260927.jpg
예시협력사-가,2026-09-27,2호기,청소 상태,○,,가_2호기_20260927.jpg
예시협력사-나,2026-09-27,P-01,압력,○,21.4,나_P-01_20260927.jpg
예시협력사-나,2026-09-27,P-01,온도,○,45,나_P-01_20260927.jpg
예시협력사-나,2026-09-27,P-01,청소 상태,○,,나_P-01_20260927.jpg
예시협력사-나,2026-09-27,P-02,압력,○,16.0,나_P-02_20260927.jpg
예시협력사-나,2026-09-27,P-02,온도,○,47,나_P-02_20260927.jpg
예시협력사-나,2026-09-27,P-02,청소 상태,○,,나_P-02_20260927.jpg
예시협력사-나,2026-09-27,P-03,압력,○,16.5,나_P-03_20260927.jpg
예시협력사-나,2026-09-27,P-03,온도,○,49,나_P-03_20260927.jpg
예시협력사-나,2026-09-27,P-03,청소 상태,○,,나_P-03_20260927.jpg
예시협력사-다,2026-09-27,용접기-1,압력,○,17.0,다_용접기-1_20260927.jpg
예시협력사-다,2026-09-27,용접기-1,온도,○,51,다_용접기-1_20260927.jpg
예시협력사-다,2026-09-27,용접기-1,청소 상태,○,,다_용접기-1_20260927.jpg
예시협력사-가,2026-09-28,1호기,압력,○,18.0,가_1호기_20260928.jpg
예시협력사-가,2026-09-28,1호기,온도,○,51,가_1호기_20260928.jpg
예시협력사-가,2026-09-28,1호기,청소 상태,○,,가_1호기_20260928.jpg
예시협력사-가,2026-09-28,2호기,압력,○,18.3,가_2호기_20260928.jpg
예시협력사-가,2026-09-28,2호기,온도,○,53,가_2호기_20260928.jpg
예시협력사-가,2026-09-28,2호기,청소 상태,○,,가_2호기_20260928.jpg
예시협력사-나,2026-09-28,P-01,압력,○,18.8,나_P-01_20260928.jpg
예시협력사-나,2026-09-28,P-01,온도,○,46,나_P-01_20260928.jpg
예시협력사-나,2026-09-28,P-01,청소 상태,○,,나_P-01_20260928.jpg
예시협력사-나,2026-09-28,P-03,압력,○,16.8,나_P-03_20260928.jpg
예시협력사-나,2026-09-28,P-03,온도,,50,나_P-03_20260928.jpg
예시협력사-나,2026-09-28,P-03,청소 상태,○,,나_P-03_20260928.jpg
예시협력사-다,2026-09-28,용접기-1,압력,○,17.3,다_용접기-1_20260928.jpg
예시협력사-다,2026-09-28,용접기-1,온도,○,52,다_용접기-1_20260928.jpg
예시협력사-다,2026-09-28,용접기-1,청소 상태,○,,다_용접기-1_20260928.jpg